id,first_name,last_name,age,salary,student
1,Amory,Camden,58,9207.52,false
2,Naoma,Hitcham,56,5915.21,false
3,Phaidra,Perton,21,9163.59,false
4,Karly,Olivera,23,2468.42,false
5,Tiertza,Labbey,33,2786.73,false
6,Delora,Simoneau,56,4469.64,true
7,Ansell,Dubber,48,2339.86,false
8,Casper,McLugish,27,4745.84,true
9,Fulvia,Davio,64,8577.6,false
10,Ertha,Revie,22,2465.72,false
11,Symon,McGiffie,41,7607.74,false
12,Hilton,Greenough,18,7256.84,true
13,Wynn,Kempton,64,3496.86,false
14,Douglas,Orrice,49,9981.38,false
15,Brocky,Elcoux,68,2115.26,false
16,Jacqui,Reavell,62,4723.74,false
17,Gwenore,Bridat,54,1417.03,true
18,Opalina,Tithecote,17,7839.61,true
19,Korie,Bonnefin,63,9337.61,false
20,Mickie,Tuer,21,6710.2,true
21,Bettye,McCloughen,32,6294.59,false
22,Nixie,Jeavons,45,3148.09,false
23,Kit,Riggulsford,52,6828.47,true
24,Edi,Bensley,70,5595.18,false
25,Kali,Bole,70,1559.74,false
26,Clotilda,Mityukov,34,6867.52,false
27,Wendall,Hedlestone,22,2355.93,true
28,Estrella,Patrickson,26,6794.58,false
29,Park,Wilkie,58,9543.32,true
30,Kati,Della,34,4804.88,true
31,Paloma,Liquorish,68,2540.91,true
32,Henderson,De Michetti,54,2553.52,true
33,Ewan,Furness,60,9327.18,false
34,Lonnard,Eglese,50,8999.27,false
35,Marilin,Baugham,38,9597.18,false
36,Rickey,Ackeroyd,17,9733.16,false
37,Honor,Mattusevich,44,3936.38,false
38,Layne,Daffern,38,9378.13,true
39,Aurore,Quail,67,3124.91,false
40,Saree,Artist,59,7176.37,true
41,Jessee,Novichenko,34,3992.48,true
42,Etta,McGeever,46,4289.7,true
43,Dena,Laphorn,46,6989.53,false
44,Jazmin,Tippin,53,5628.73,false
45,George,Curling,52,5616.42,false
46,Iorgo,Beavers,44,981.75,false
47,Christos,Winfield,39,1636.78,true
48,Westbrook,Godmar,31,8247.65,true
49,Rowan,Sima,60,7690.04,false
50,Erma,Loton,64,2531.96,true
51,Reinwald,Cochet,51,7100.56,false
52,Svend,Rowat,37,2088.74,false
53,Abeu,Brannon,49,7868.72,false
54,Nathanial,Olivetta,34,907.32,false
55,Antone,Obeney,41,1452.66,false
56,Abbey,Botler,49,4316.43,true
57,Carleen,Zapatero,32,5206.01,true
58,Isadore,Riall,21,2692.12,true
59,Sanders,Feyer,47,8290.62,true
60,Xena,Arnoult,31,7589.95,false
61,Yehudit,Atack,45,4137.58,true
62,Micky,MacGillivray,22,4760.33,false
63,Cash,Sheddan,37,9513.64,false
64,Hirsch,Knudsen,24,4519.52,true
65,Karlotte,Whitecross,63,8075.23,true
66,Donal,Rubert,52,1493.31,true
67,Jessie,Leavold,68,697.87,true
68,Northrop,Klink,37,5152.08,true
69,Forster,Custance,42,5562.78,true
70,Farrel,Quadrio,35,6138.83,false
71,Vivien,Bithell,17,4949.45,true
72,Shannon,Povey,63,4552.66,true
73,Daryl,Houseman,24,6117.15,true
74,Guntar,Fairbourn,67,3955.16,false
75,Isobel,Turfs,30,3216.43,false
76,Giustino,Kamen,69,4830.21,false
77,Ron,Pickrell,42,4462.19,false
78,Bryant,Heape,69,3614.56,false
79,Casi,Fere,31,878.21,false
80,Minta,Dinse,59,9621.42,true
81,Colman,Charlet,55,3747.22,true
82,Nikaniki,Westley,41,8848.56,true
83,Humberto,Alesi,52,5369.32,true
84,Devlin,Antunez,29,3721.0,false
85,Humfrid,Broader,36,6965.95,false
86,Chelsy,Desporte,68,2389.25,true
87,Afton,Elen,61,9162.77,true
88,Gretchen,Vaillant,17,2361.03,true
89,Moira,Trethowan,39,7064.03,true
90,Hildy,Choak,27,1695.1,true
91,Betsy,Abella,34,3235.3,false
92,Griffy,Hoggan,41,5908.41,false
93,Wernher,Nutley,57,1109.13,true
94,Owen,MacCard,31,9605.57,true
95,Hilly,Wreford,56,5581.95,true
96,Roseanne,Blannin,50,9172.36,true
97,Lavinia,Lody,48,2846.52,false
98,Maurise,Tokley,54,2979.55,false
99,Sherilyn,Foale,46,2462.78,true
100,Deirdre,Brewer,43,6237.57,true
101,Bert,Mawson,41,7098.95,false
102,Sheila,Maker,16,9632.56,false
103,Martelle,Gallen,27,7021.49,false
104,Sherilyn,Kingscott,33,4948.86,true
105,Amaleta,Molloy,25,4165.01,true
106,Dinnie,Worsnop,52,7772.07,true
107,Neddie,Yurasov,57,6407.52,true
108,Edin,Dagleas,60,5194.09,true
109,Davon,Francom,33,2618.78,false
110,Aaren,Thresher,23,3752.76,false
111,Nichol,Rixon,32,9011.26,false
112,Georgi,Danneil,36,3556.74,true
113,Kit,Velte,26,5341.02,false
114,Sibbie,Vaughan-Hughes,37,9135.5,false
115,Sal,Wasbrough,53,6268.54,false
116,Yuri,Crone,27,6524.27,false
117,Garnette,Bruckenthal,42,6104.89,true
118,Wenda,Redemile,42,1614.23,false
119,Morris,Brumhead,64,619.07,true
120,Ashia,Ferier,70,2059.29,false
121,Brigid,Everix,22,4602.51,false
122,Arda,Claxton,65,1725.35,false
123,Sibeal,Stemp,47,9174.79,true
124,Timmie,Penna,45,7538.56,false
125,Jeremias,Dawks,57,5083.75,false
126,Janel,Rabat,21,6199.54,false
127,Jacky,Basire,47,2341.36,true
128,Richardo,Yurevich,23,5444.73,true
129,Lindy,Biermatowicz,25,5464.14,false
130,Guss,Rignoldes,39,4255.03,false
131,Noelani,Blockwell,43,2443.68,true
132,Berty,Wigfield,70,1816.57,false
133,Sydel,Tiffney,66,5550.04,false
134,Gannie,Wragg,66,5434.76,true
135,Ara,Dinneges,17,4600.54,false
136,Deidre,Holdforth,33,6987.81,true
137,Berny,Pawfoot,46,4025.8,true
138,Ronna,Cranidge,49,7546.97,false
139,Elysia,Langman,28,1117.51,false
140,Phylys,Pulster,40,2901.35,false
141,Thorn,Brooksby,38,8596.84,true
142,Darrel,MacGarvey,54,6377.47,true
143,Niki,Elham,25,9867.01,false
144,Devlen,McCulley,36,3308.66,true
145,Angelina,Lowen,61,9898.23,true
146,Livvyy,Chaloner,53,3672.46,true
147,Maribeth,Bruggen,66,1346.49,false
148,Marika,McOwen,30,1148.08,false
149,Ketti,Lazenbury,66,9810.83,true
150,Godwin,Quarrington,52,3300.85,false
151,Blisse,Georgeson,25,3263.72,false
152,Tami,Tuckwell,43,707.03,true
153,Ernesta,Bater,54,1330.04,false
154,Wesley,Hallatt,67,4564.28,false
155,Lissie,Vater,58,5164.93,false
156,Ramsey,Vaulkhard,19,8082.51,true
157,Edd,Sagerson,69,1126.85,false
158,Minetta,Guidini,47,7024.59,false
159,Kenyon,Montague,56,9579.34,false
160,Luella,Skelding,45,4870.41,true
161,Abagail,Espinazo,36,9778.01,true
162,Vilhelmina,Charlet,69,2031.22,true
163,Barbabra,Sanham,57,4397.13,true
164,Janek,Poate,42,3600.27,true
165,Peg,Mico,43,7653.75,true
166,Joelly,Leimster,23,9752.78,true
167,Ivy,Catt,39,6601.99,false
168,Mohandis,Durham,56,2558.31,false
169,Amii,Nel,70,6546.25,true
170,Tommy,Codling,39,2329.48,true
171,Jaimie,O'Sherin,56,8330.52,false
172,Ninnette,Widd,16,2114.49,false
173,Devi,Libbie,61,6370.3,false
174,Cristobal,Fritter,67,1748.21,true
175,Mickie,Kasparski,17,9953.45,false
176,Had,Sweetzer,35,4051.29,true
177,Gardner,Yonge,37,1674.37,false
178,Cobb,Lawland,67,3682.34,true
179,Issi,Choudhury,54,3985.26,true
180,Jillene,Oakenfall,65,5361.04,false
181,Bette,Billison,53,3585.62,false
182,Melesa,Muckleston,16,2956.35,false
183,Isabelita,Gloster,62,8235.66,true
184,Gillie,Linbohm,29,9291.38,false
185,Warden,Mattingson,27,1413.3,false
186,Si,Fludgate,42,9177.54,false
187,Milissent,Drain,28,1781.25,true
188,Ritchie,Connal,44,6409.24,false
189,Juana,Girardini,52,4908.11,true
190,Clementine,Fenner,54,4689.29,false
191,Timmy,Leon,22,4010.8,false
192,Elke,Gillham,34,2346.27,true
193,Aurie,Symmons,59,5267.15,false
194,Ancell,Dictus,18,5864.42,true
195,Devonne,Vest,28,2568.06,true
196,Shana,Stoile,26,3404.3,true
197,Haze,De Michele,52,7745.4,false
198,Sebastiano,Leser,43,4312.8,false
199,Annecorinne,Dudgeon,52,2846.01,false
200,Marlon,Whitely,46,8175.8,false
201,Lyndsay,Griffe,31,2626.63,true
202,Codie,Lavallie,60,9437.55,true
203,Neel,Abramov,69,3314.23,false
204,Korella,Brickhill,63,2759.98,false
205,Kerianne,Dies,50,2066.47,false
206,Malachi,Noto,24,5890.08,false
207,Rosemary,Hellier,58,8988.63,false
208,Josh,Wallas,69,9926.64,false
209,Shanie,Samart,66,826.17,true
210,Cheri,Lever,30,6240.01,false
211,Bryana,Oakhill,43,8119.92,true
212,Gib,Richly,54,9203.05,true
213,Clareta,Placstone,28,7643.67,true
214,Ramona,Widdall,29,6175.36,true
215,Hoebart,Meaders,37,5310.6,false
216,Sigvard,Prawle,30,7988.14,false
217,Edmund,Spino,16,2173.22,true
218,Orelie,Hill,41,9247.17,true
219,Padraic,Duckering,35,4191.25,true
220,Shepperd,Bice,28,9618.74,false
221,Kirbie,Monkhouse,56,8611.79,true
222,Nissie,McQuarter,40,3418.97,true
223,Pedro,L'Hommeau,26,3969.53,false
224,Ulrike,Writtle,39,4825.49,true
225,Wilow,Oris,25,5885.65,true
226,Morty,Gehring,64,4815.1,false
227,Dayna,Allderidge,63,4215.59,true
228,Carlin,Server,36,5052.85,false
229,Nonnah,Grigoryov,23,9381.75,true
230,Tedie,Lube,60,9914.26,true
231,Eryn,Orford,34,3814.89,false
232,Euell,Lowensohn,63,3864.32,false
233,Christi,Knatt,38,2143.65,false
234,Brandy,Goodbourn,23,9304.91,false
235,Ashli,Warnock,70,2322.99,false
236,Hadley,Capstaff,52,4374.31,true
237,Gisele,Crewther,52,9050.94,false
238,Staffard,McIlenna,29,6755.8,true
239,Gibbie,Stovold,19,8549.61,true
240,Cristina,Scutter,46,4408.82,true
241,Jacquenette,Laurenty,68,2771.28,false
242,Toby,Shellshear,32,7848.87,false
243,Staford,Tyson,65,8211.99,false
244,Herta,Kearey,39,6778.34,false
245,Erin,Hayto,17,6567.61,false
246,Regine,Caroli,47,6402.55,false
247,Merrie,Myles,41,3025.64,true
248,Padgett,Raddish,31,7923.72,true
249,Laurianne,Gouldthorpe,27,8062.31,true
250,Olin,Shugg,29,6826.51,true
251,Myranda,Helix,35,4442.08,false
252,Freedman,Jacke,34,4598.89,false
253,Quincy,Scrange,59,3391.8,true
254,Ximenez,Kibard,33,7619.41,false
255,Anya,Sammon,22,8546.53,true
256,Marcellus,Zorzoni,29,8677.77,true
257,Babita,Isgate,32,3430.23,false
258,Kelsey,Chastel,62,9381.2,true
259,Nara,Hallowes,43,5191.78,false
260,Kelby,Massel,22,3769.58,true
261,Shelagh,Berens,48,7105.38,false
262,Whitby,MacCleod,33,5345.22,true
263,Lexi,Stoffer,22,5716.1,true
264,Rhoda,Nelles,38,2707.39,false
265,Charlotta,Hayball,48,887.86,true
266,Mindy,Lies,31,2076.82,true
267,Godart,Bridge,32,4749.76,true
268,Michel,Doohey,62,9960.83,true
269,Gav,Bollom,40,7517.86,true
270,Cristiano,Grew,50,9970.38,false
271,Renault,Greenacre,70,3952.18,false
272,Nikolia,St. Queintain,62,3087.97,false
273,Emanuele,Antonignetti,41,2038.96,false
274,Sherilyn,Athridge,61,6887.03,false
275,Jacintha,Brace,65,7687.74,true
276,Coraline,Pingstone,20,2534.14,false
277,Craggy,Hardinge,31,5513.2,true
278,Donica,Lechmere,37,9915.66,false
279,Tabor,Shakspeare,45,6787.24,false
280,Elisabeth,Roelofsen,32,9861.59,false
281,Ramsay,Saddleton,62,2385.91,false
282,Chrotoem,Beceril,24,5400.16,true
283,Galina,Ebbin,52,5809.87,false
284,Egor,McMennum,45,7662.96,false
285,Reginauld,Symon,27,4574.04,false
286,Haley,Westall,49,7735.41,true
287,Jana,Lowry,34,8256.72,true
288,Craggie,Manes,30,723.24,true
289,Adolf,Oughtright,65,8557.16,true
290,Drucill,Genese,29,6262.12,true
291,Vidovic,Wilder,65,3341.92,false
292,Stevena,Ackhurst,39,839.28,true
293,Minni,Vynarde,57,8492.07,false
294,Agnes,Cheatle,17,7039.53,false
295,Ollie,Doby,42,7496.26,false
296,Xaviera,Luxon,17,1376.79,true
297,Patricia,Flye,56,2764.49,true
298,Graeme,Gedge,38,8762.6,false
299,Martha,Dewen,51,8465.4,false
300,Tait,Jordanson,25,650.65,false
301,Pebrook,Eslie,41,8007.04,true
302,Jeffie,Broadberrie,54,4658.17,false
303,Jacquenette,Game,66,2607.53,false
304,Maure,Melross,48,7269.51,false
305,Ivar,Whitebrook,64,8684.69,true
306,Deny,Snoden,18,9221.7,true
307,Meridith,Dunlop,41,1757.92,false
308,Analise,Waterhouse,63,3070.28,true
309,Lotte,Frear,39,2305.9,true
310,Napoleon,Riordan,65,875.43,false
311,Tedmund,Kibard,51,958.73,false
312,Modesta,Bruggen,55,3138.06,true
313,Arda,Tomkiss,70,9748.96,true
314,Brynna,Aubri,45,8667.26,true
315,Merlina,Rosenberg,45,7407.51,true
316,Jacklyn,Daventry,22,8789.6,true
317,Rowan,Cogin,18,8496.45,false
318,Tobias,Beade,43,4312.35,true
319,Yoko,Arent,61,702.19,true
320,Ximenez,Davidoff,44,2228.53,true
321,Lucila,Hookes,24,2707.25,false
322,Annabal,Hindenberger,43,8794.83,false
323,Birk,Peckitt,43,6826.55,true
324,Tybi,Seekings,60,4496.37,false
325,Fifi,Sibbering,43,6774.81,false
326,Clayton,Gethins,16,7851.08,false
327,Sumner,Schwant,39,7108.61,false
328,Corney,Stopp,43,4855.2,true
329,Candide,Jervis,47,1891.82,false
330,Berna,Grass,31,3457.24,false
331,Yetta,Stubbings,27,4323.75,true
332,Sela,Shottin,21,5070.56,false
333,Netta,Scown,39,1324.71,false
334,Bobbie,Shelsher,42,9560.77,true
335,Dory,Bea,18,1695.76,true
336,Asia,Santon,36,3272.86,false
337,Kalinda,Tickel,18,1609.42,false
338,Lind,Bales,40,5479.33,true
339,Larina,Olive,59,1720.41,true
340,Hy,Sarfat,49,2521.46,true
341,Jarvis,MacAvaddy,19,4925.99,false
342,Norina,Kopke,61,3346.95,false
343,Lauri,Partrick,25,4603.56,true
344,Nessi,Reinbeck,42,3675.16,true
345,Caron,McGraw,53,9256.04,false
346,Harlin,Sayce,48,3572.42,false
347,Emanuel,Hayles,49,2712.36,false
348,Shaylah,Benadette,58,6895.81,false
349,Waylon,Budgen,19,2492.22,true
350,Orelle,Honnan,45,886.34,true
351,Rick,Kitley,65,9673.91,true
352,Petunia,Shemilt,65,1921.29,true
353,Trueman,Bilbery,62,8841.11,true
354,Waldon,Lamplugh,66,7681.18,false
355,Sanford,Fynes,34,5869.1,true
356,Frasier,Bickle,58,8789.05,false
357,Dagmar,Grestye,66,7204.53,false
358,Daphne,Tale,37,5289.27,true
359,Herbie,Hayward,67,758.74,false
360,Liane,Donn,52,3351.43,true
361,El,Meriott,55,1544.31,true
362,Amos,Garland,45,1759.59,false
363,Felicia,Glancy,19,5727.18,true
364,Kristo,Drust,63,8689.75,true
365,Allie,Dougan,50,2571.78,true
366,Warren,Huxster,32,6945.32,true
367,Nikolaus,Bruckner,20,8287.52,false
368,Tawsha,Espadero,59,4514.34,true
369,Julius,Longman,40,5966.73,true
370,Keefe,Lancett,51,6513.31,true
371,Latisha,Goalley,44,3071.85,true
372,Dione,Gellier,30,9628.85,true
373,Alessandra,Sheber,48,3230.26,false
374,Elbertine,Riccioppo,20,9383.13,true
375,Tony,Gaskal,44,9632.2,true
376,Veriee,Cosgrave,48,4656.48,true
377,Aeriela,Brumpton,43,6634.99,true
378,Launce,Spaughton,28,7290.37,true
379,Pall,Mumbray,31,6142.63,true
380,Bertram,Necolds,39,9561.75,false
381,Jeanelle,Schuster,22,999.95,true
382,Josias,Trulock,19,9018.96,false
383,Mellicent,Hayhurst,61,2999.62,false
384,Rachael,Potteridge,44,2149.47,true
385,Torrin,Lascelles,45,5168.97,false
386,Eduard,Stapells,44,951.57,false
387,Jehanna,Volet,61,1609.74,true
388,Vincent,Robbey,23,7028.36,true
389,Vivianne,Stolli,69,6712.04,false
390,Monro,Gatus,58,8935.87,false
391,Hurleigh,Dryburgh,65,4052.87,false
392,Cloe,Merveille,30,6340.2,true
393,Agata,Merfin,53,4504.58,false
394,Linn,Tyght,57,1933.93,true
395,Felicle,Ash,29,9707.54,false
396,Dexter,Ebbings,28,3294.57,true
397,Reinhard,Kellock,30,4165.85,true
398,Kailey,Garken,38,3426.15,true
399,Celinda,Willans,37,4684.79,true
400,Whitaker,Alexandersson,30,9983.5,true
401,Sig,Shorthouse,52,9058.08,false
402,Bendite,McCurlye,32,1624.75,false
403,Eva,Buckhurst,69,3244.91,false
404,Lucina,Wheatland,20,6302.34,true
405,Correy,Kubica,26,4766.71,true
406,Mitzi,Boness,36,8236.1,false
407,Conney,Wyeth,43,2267.07,false
408,Frank,Bruce,29,5952.52,true
409,Vito,Dorro,69,4702.82,true
410,Cobby,Geerits,66,4089.29,false
411,Shem,Housin,31,9316.95,false
412,Benjamin,Derl,22,2976.8,true
413,Corny,Seamans,22,9515.17,false
414,Donalt,Saterweyte,39,1114.82,true
415,Minna,Gawith,45,2285.22,false
416,Thatch,Carrigan,26,4429.18,false
417,Kerwin,Grzegorek,34,5972.04,true
418,Elbert,Morot,40,7812.5,true
419,Deva,Gothup,59,1006.68,false
420,Mar,Mickleborough,64,3097.9,false
421,Celinka,Androlli,19,3874.03,true
422,Ami,Eagle,21,8384.39,true
423,Concettina,Mushett,22,7817.92,false
424,Cindee,Emig,29,3945.49,true
425,Deana,Mussolini,47,2992.07,false
426,Griffy,Robez,20,4884.71,true
427,Hildegaard,Scotchmor,23,1291.34,true
428,Birgitta,Woodhead,53,2845.04,false
429,Helen-elizabeth,Jaggs,63,7105.04,false
430,Marice,Pierrepont,49,8299.58,false
431,Olenolin,Arendsen,27,3898.61,false
432,Cassy,Tomei,61,6092.84,true
433,Andres,Cotterell,68,7135.8,true
434,Morna,Peachey,58,5842.18,false
435,Mabel,Ericssen,49,8392.48,true
436,Chic,Canizares,46,7534.76,false
437,Ransell,Cholonin,35,6519.81,false
438,Beckie,Buddell,48,7663.94,false
439,Betty,Biskup,39,6344.77,true
440,Vince,Storrie,64,3758.09,false
441,Hedvige,Ilyasov,53,9159.44,false
442,Rora,Rees,44,4950.27,true
443,Darcy,Volker,49,2822.08,false
444,Mildrid,Blessed,45,6777.25,false
445,Margaret,Wilce,62,7552.63,false
446,Rori,Spottiswoode,45,4837.65,true
447,Jeniece,Marguerite,61,4577.46,false
448,Pippa,Proger,37,4463.86,true
449,Osborn,McKim,36,1223.58,false
450,Pat,Kauffman,40,9670.87,true
451,Koo,Teasdale,66,3814.03,false
452,Karalee,Louca,28,2668.18,true
453,Leda,Van Zon,61,2610.35,true
454,June,O' Reagan,69,9149.41,true
455,Brennen,Wheeldon,26,8470.66,false
456,Di,Wrout,67,8475.43,true
457,Carolyn,Yirrell,45,7933.33,false
458,Abbe,Kordas,40,2357.06,false
459,Sebastian,Mingard,39,1262.38,true
460,Mic,Riddich,30,5743.39,false
461,Erhart,Lethibridge,63,9386.21,false
462,Micky,Darinton,19,8454.5,true
463,Ollie,Gorden,50,4130.82,true
464,Monah,Dakers,18,5883.79,false
465,Stearne,Caplin,50,8823.61,true
466,Berkie,Probbin,28,1339.36,true
467,Craig,Gisbey,21,2839.22,false
468,Weider,Fifield,56,8368.09,false
469,Martyn,Rosenfrucht,47,1439.46,false
470,Gabie,Blood,24,7532.61,true
471,Elwood,Yggo,44,967.24,false
472,Jerrome,Neiland,34,5966.47,true
473,Maribelle,Moyles,43,2061.59,true
474,Melitta,Rosenwald,40,7916.87,false
475,Giuditta,Sirkett,17,3658.58,false
476,Rolph,Ivanilov,16,9143.19,true
477,Nikolia,Insole,46,1879.13,false
478,Carlen,Panons,36,1386.23,true
479,Verine,Ponton,30,5863.9,false
480,Deva,Abramovici,45,7477.61,true
481,Lorena,Canacott,40,4317.74,true
482,Genny,Gaymer,62,2855.36,true
483,Lexi,Albarez,38,9988.84,true
484,Branden,Cowland,45,9773.53,true
485,Paulette,Mattingly,23,4288.62,false
486,Abdel,Crutch,54,4851.6,false
487,Chrotoem,Sapsforde,42,5047.89,false
488,Stephen,Bazire,28,9581.17,false
489,My,Olivetta,47,4903.97,false
490,Clovis,Mockett,63,8580.85,true
491,Massimiliano,Wooding,38,6808.11,true
492,Giacopo,Dredge,21,7083.89,true
493,Freddie,Huxley,16,690.96,true
494,Kipp,Yurkiewicz,27,7825.08,false
495,Arly,Martinovic,52,4637.36,true
496,Sella,Finicj,41,4488.12,false
497,Keeley,Godspede,46,5620.15,false
498,Koo,Witherow,52,8875.33,true
499,Ayn,Spurdle,63,8104.78,false
500,Grover,Kernaghan,59,8784.85,false
501,Mikey,Emanuelli,51,9327.25,false
502,Addie,Beminster,29,5540.83,true
503,Candi,Devil,56,7522.2,false
504,Roger,Le feuvre,37,4957.27,true
505,Sollie,Najera,20,1325.01,true
506,Malachi,Itzkovwich,41,6558.72,true
507,Killie,Skough,30,5693.97,true
508,Erminia,Chisholm,18,5403.62,false
509,Marissa,Furtado,59,6526.63,true
510,Adolphus,Cardinale,28,7093.12,true
511,Nadia,Zanassi,58,4889.42,false
512,Bernadina,Innocent,21,9247.81,false
513,Clarabelle,Kemer,24,8488.8,false
514,Tann,Thurley,39,5263.77,true
515,Aland,Blaza,26,2189.49,false
516,Tracee,Djokovic,43,1871.56,false
517,Woody,Bumphries,20,7547.99,true
518,Athena,Skellion,43,6035.95,true
519,Stanford,Cratchley,22,5131.99,true
520,Auroora,Andreuzzi,53,2387.83,false
521,Fredra,Agott,39,5518.09,false
522,Sayres,Paice,43,7531.46,false
523,Philippine,Showt,49,1164.77,false
524,Nollie,Banker,21,5786.63,true
525,Korella,Gibbings,31,3550.69,true
526,Forbes,Desforges,25,6392.02,true
527,Dare,Hall-Gough,25,2619.46,true
528,Tabbatha,Barrat,61,5662.87,false
529,Mariya,Burberow,42,7597.19,false
530,Erik,Sancroft,59,1928.21,false
531,Linn,Ovize,41,8797.5,true
532,Isabel,Ousbie,68,1558.25,true
533,Morry,Ellif,53,4432.11,true
534,Margaretha,Rosenberg,50,8401.68,false
535,Rodina,Cortez,61,757.76,false
536,Sunny,McGrath,55,1655.3,true
537,Tanner,Joint,64,6807.71,true
538,Thomasine,Adney,34,5674.33,true
539,Charis,Raigatt,20,8066.56,true
540,Halsy,Skillanders,29,4829.78,true
541,Layney,Stainburn,52,2347.1,false
542,Aleece,Padilla,19,8922.01,false
543,Hilliard,Gogarty,57,4580.86,false
544,Darill,Perfect,68,4422.53,false
545,Sibley,Elecum,37,1037.66,false
546,Austen,Gambell,57,1939.5,false
547,Chelsey,Dziwisz,64,9476.32,true
548,Starlene,Smither,57,6394.32,false
549,Stern,Graeser,61,6289.11,false
550,Reba,Sinisbury,36,2491.4,false
551,Delphinia,Hamberstone,39,8156.56,false
552,Ted,Dunmore,37,7196.1,true
553,Jordain,Fordyce,61,8198.48,true
554,Rebbecca,Fackney,33,1389.36,true
555,Neysa,Sawart,46,9985.21,false
556,Douglass,Caughan,42,2699.08,true
557,Kris,Chasmor,69,9241.36,true
558,Jorrie,Finn,54,7656.33,true
559,Angelina,Palfery,21,8593.74,false
560,Chryste,Mattiazzo,54,7321.19,true
561,Laure,Solesbury,61,3772.93,false
562,Arleta,Brockelsby,45,6831.78,true
563,Hedy,Skewes,26,8751.49,false
564,Romy,Lemerle,69,8181.05,false
565,Mirna,Braime,55,6888.78,false
566,Avis,Tankin,31,5973.93,true
567,Maritsa,Hawkridge,44,6631.61,true
568,Gregoire,Vanyutin,25,5798.98,true
569,Marlo,Pallis,16,5949.72,false
570,Hillyer,Leger,43,1751.64,false
571,Marysa,Janiak,34,3837.28,false
572,Marcelle,Rubery,37,7967.54,false
573,Ulrick,Haldon,65,3653.69,true
574,Onfroi,Rawll,68,3808.73,true
575,Brendon,Lodden,23,8572.5,true
576,Gianina,Joblin,45,8171.68,true
577,Aloysius,Oldale,59,651.8,true
578,Robinson,Abilowitz,54,685.69,true
579,Cleveland,Fibbings,58,9869.55,true
580,Eustacia,Stockney,30,2987.31,true
581,Lorry,Tinghill,39,8882.48,true
582,Hazlett,Darben,22,9343.19,false
583,Drud,Zmitruk,70,4285.82,false
584,Orella,Sygrove,26,8279.99,true
585,Reggi,Thaxter,31,8922.36,true
586,Glenden,Pinnington,52,820.08,true
587,Gaven,Sprull,57,5651.81,false
588,Steward,McCuish,22,7319.12,false
589,Emogene,Schenfisch,29,5174.71,true
590,Jania,Josephy,31,4383.1,false
591,Devin,Reims,53,3571.97,false
592,Krishna,Phalip,34,6333.18,false
593,Jordain,Sillett,17,1376.69,true
594,Fina,Bruun,25,7400.84,false
595,Ced,Piggin,49,4799.35,false
596,Delphinia,Lorden,28,8153.47,true
597,Winne,Jeannon,69,7711.74,true
598,Catriona,Guiden,20,7306.11,true
599,Christos,Groundwater,20,6438.93,false
600,Karoly,Aloshikin,55,5296.05,true
601,Vasilis,Philipot,68,4305.62,true
602,Hulda,Pamment,67,986.11,false
603,Lyndell,Britcher,17,6233.54,true
604,Rawley,Giorgietto,29,7310.58,true
605,Gennie,Godbold,45,2728.8,false
606,Vincenz,Couves,25,9330.41,false
607,Harley,McIlvenna,64,9435.52,false
608,Becki,Annets,67,5965.08,true
609,Damian,Legion,23,5806.24,false
610,Jayson,Bridden,56,3274.31,true
611,Dillie,Sundin,24,3110.42,true
612,Nanci,Duckerin,54,9693.61,false
613,Inigo,Henrichsen,57,3093.22,false
614,Wendye,Yashaev,16,2367.58,false
615,Bryna,Schachter,39,3165.92,true
616,Arlen,Dahlbom,45,6849.5,true
617,Padgett,Moynham,36,6472.63,false
618,Melly,Blackford,16,6397.76,false
619,Riley,Paggitt,61,8029.66,false
620,Patti,Brickhill,26,9495.87,false
621,Sidonia,Cristofolini,27,2096.24,false
622,Phil,Vennart,60,8900.65,false
623,Amandie,Degli Abbati,47,8474.39,true
624,Shaylyn,Fuentes,38,3713.28,false
625,Demetra,Vernau,44,5186.96,true
626,Alaster,Eberst,41,2893.83,true
627,Risa,Horbath,54,786.72,false
628,Dasie,Crips,19,8036.01,true
629,Jess,Aldham,46,5458.0,false
630,Sawyere,Newbatt,66,6141.25,true
631,Ulla,Van der Beken,64,1180.51,false
632,Giustino,Mattis,48,7809.46,false
633,Dannel,Tomich,26,4012.1,false
634,Joell,Naris,53,3683.12,false
635,Emilio,Breazeall,36,1722.36,false
636,Jordanna,Dohms,33,6010.43,false
637,Helen-elizabeth,Downes,39,7809.62,false
638,Arden,McGilben,19,2220.33,false
639,Hollie,Sambedge,26,4621.76,true
640,Jaye,Moncey,67,5845.68,false
641,Genovera,Pooke,64,6668.0,true
642,Bella,Barzen,45,5893.93,true
643,Goldia,Secombe,24,2896.18,true
644,Nikolas,Spreadbury,55,7148.04,false
645,Mandie,Goodayle,63,9948.07,false
646,Derrick,Djekovic,22,7005.37,true
647,Sybille,Arnaldi,44,2999.13,true
648,Ellen,Duny,16,9483.95,false
649,Hobey,Bris,41,7000.85,false
650,Renae,Foster,56,6376.62,false
651,Jedd,Hubberstey,67,7515.05,true
652,Catlin,Gorgler,26,7009.74,true
653,Christel,Scott,34,808.12,true
654,Tannie,Johnikin,30,1385.21,true
655,Shell,Cathrae,18,6901.65,true
656,Abel,Basterfield,22,8431.41,true
657,Emlynn,Maffioletti,53,3064.5,true
658,Kaile,Hubbart,58,7587.44,true
659,Chen,Campling,63,7483.58,false
660,Baillie,Roxbrough,28,9106.9,true
661,Clevey,Blackburne,31,1368.88,true
662,Susanetta,Briscow,16,3713.15,true
663,Maurits,Bathoe,49,6948.06,true
664,Vicky,Mozzini,24,3359.43,true
665,Dorris,Borrell,29,5215.5,false
666,Latrina,Wooland,62,1648.16,false
667,Deina,Peterkin,57,9509.37,false
668,Etienne,Mitrovic,60,2723.24,false
669,Ade,Doberer,46,1575.0,false
670,Margeaux,MacKenney,42,4412.8,false
671,Madel,Lawlings,35,8429.55,false
672,Mair,Wais,23,6438.32,false
673,Gusta,Simonnet,44,7474.3,false
674,Ermina,Curgenuer,70,3654.34,true
675,Cissiee,Oseland,61,9805.67,true
676,Mallorie,Glacken,69,4268.13,false
677,Sheeree,Jerrome,24,8912.45,false
678,Ricardo,Titcomb,16,6904.92,false
679,Elvina,Ilive,63,1908.51,true
680,Barnaby,Rosthorn,58,7365.95,false
681,Hewie,Saladino,55,7855.78,true
682,Kalle,Kelso,54,8559.96,false
683,Obadiah,Ewbanke,40,8923.65,true
684,Clementina,Vlasyuk,38,2417.61,true
685,Rosabella,Dellenty,16,4493.35,false
686,Westbrook,Eaklee,58,7442.86,false
687,Valle,Sommerville,52,1383.2,false
688,Ted,Hosten,34,7138.59,false
689,Piper,Hooke,36,4690.57,true
690,Renault,Savoury,18,5589.31,false
691,Maddie,Lawful,25,7205.91,false
692,Carley,Bocke,45,7705.53,false
693,Herta,Mustill,45,4363.91,true
694,Siward,Raddan,24,5608.3,true
695,Sigismond,Spittall,56,8184.97,true
696,Jamill,Gabbatt,70,2655.41,true
697,Cornall,Dincke,34,6066.02,true
698,Becky,Terran,33,3751.83,true
699,Karly,Geraldini,43,3521.54,true
700,Luciano,MacIlhagga,54,9329.67,false
701,Neil,Coote,65,7186.1,false
702,Kit,Bohl,52,9746.33,true
703,Stavro,Dwire,68,3669.61,false
704,Welby,Pouck,44,9773.63,false
705,Jaquenetta,Francillo,69,5376.76,true
706,Tess,Drury,32,8248.01,true
707,Phineas,Peskett,34,2120.48,true
708,Midge,Evenden,43,7485.14,false
709,Wilburt,Bazylets,65,8176.64,false
710,Clementia,Ferron,63,9127.27,false
711,Philbert,Scotcher,50,8496.94,true
712,Emmanuel,Gibson,49,3812.01,true
713,Yardley,Puzey,57,1275.21,false
714,Audrye,Snowball,36,4171.92,true
715,Marne,Ferraresi,18,6795.84,false
716,Wilma,Muggleston,52,7138.07,false
717,Kelvin,Tharme,31,986.08,true
718,Leroy,Freire,67,6601.17,false
719,Rufe,Thorrold,61,4538.87,false
720,Thaddus,Gravatt,23,1099.81,false
721,Zonnya,Risbrough,24,1839.81,false
722,Nicholle,Southgate,61,7138.1,false
723,Odelle,Digby,44,734.29,true
724,Odilia,Veldman,58,7622.64,true
725,Portia,Sandells,69,1291.88,true
726,Eugine,Epinay,34,9893.69,false
727,Ashlin,Choudhury,30,2897.08,true
728,Drusilla,Gavriel,62,4107.9,false
729,Debbi,Dunphie,33,1279.71,true
730,Erick,Sibbald,25,2222.91,false
731,Jorge,Hincham,43,1079.44,false
732,Lissa,Kilkenny,57,4730.39,true
733,Becky,Heyburn,54,6387.25,true
734,Marillin,Arnaut,54,763.0,false
735,Lyman,Mulderrig,35,7545.78,false
736,Kassia,Dearth,61,2683.62,true
737,Gearalt,Basnall,16,1841.0,false
738,Ibrahim,Joint,48,7627.28,true
739,Thornie,Cotton,43,8451.41,true
740,Flint,Lillyman,59,7877.61,false
741,Yard,Isakov,45,5442.86,true
742,Dora,Heynen,31,8970.92,false
743,Jo,Leahy,70,3700.46,false
744,Viviana,Martignoni,40,8216.74,false
745,Glen,Zapatero,21,4576.41,false
746,Tully,McCrohon,19,2969.32,false
747,Danny,Paddemore,66,7994.56,false
748,Lurette,Parman,25,5164.64,false
749,Mozes,Praten,61,5018.22,false
750,Trumaine,Tooker,43,4230.56,false
751,Odette,Klimczak,51,3273.72,true
752,Hatti,Lorimer,37,5227.34,false
753,Hyacintha,Sacker,32,8016.3,true
754,Jaye,Duthy,36,5180.33,false
755,Ruth,Moden,20,9614.82,false
756,Stevana,Swaite,18,8153.17,false
757,Fayina,Radke,48,6371.86,true
758,Karlotta,Hyder,62,8185.87,false
759,Livvie,Malcolm,25,4732.2,false
760,Eal,Vinker,50,9668.48,true
761,Jammal,O'Lehane,60,1065.53,false
762,Raye,Fishleigh,56,3997.58,true
763,Lilly,Cicerone,21,5559.89,false
764,Pat,Halfpenny,52,4185.72,true
765,Devan,Gouldeby,48,4018.41,true
766,Wylma,Grindrod,58,4400.47,true
767,Fabio,Glendza,62,6015.05,true
768,Adey,Camili,17,736.61,true
769,Guinevere,Cleare,23,8194.94,true
770,Cassy,Buske,48,953.73,false
771,Lelah,Kalinovich,36,6827.19,true
772,Merry,Delamar,42,1107.66,true
773,Addia,Licciardello,27,6279.81,true
774,Leelah,Wye,25,6635.95,true
775,Mahalia,Reditt,29,4847.77,true
776,Roland,Tetlow,42,7272.05,false
777,Darcy,Dotson,19,1874.03,true
778,Samuele,Domerq,29,4556.41,true
779,Mallory,Nock,62,601.75,false
780,Vin,Francesconi,17,1715.81,true
781,Jacquelyn,Gorgl,36,6922.73,true
782,Janice,McCurdy,47,1041.95,false
783,Lanni,Mulles,31,867.58,true
784,Margalo,Hewlings,66,7090.32,false
785,Berti,Lindner,18,9629.19,true
786,Ginnie,Sansbury,31,6514.05,true
787,Allyson,Prentice,46,8281.54,false
788,Herrick,Points,56,5548.66,true
789,Maury,Bartle,66,6128.6,false
790,Oliviero,Stampfer,36,5955.24,true
791,Georgy,Chitson,23,1706.94,true
792,Kingsley,Davley,33,4506.83,false
793,Fanchette,Le Brun,49,9008.69,true
794,Kiri,Race,23,4814.43,true
795,Susana,Kroger,38,7403.06,false
796,Roshelle,Raspison,62,7817.65,false
797,Rubina,Patriche,55,3330.67,true
798,Laryssa,Saph,42,4899.32,false
799,Sabrina,Cawood,63,4870.3,false
800,Lark,Mackstead,21,3242.33,false
801,Lanny,Coursor,38,6897.19,false
802,Adrea,Heaslip,24,8840.99,true
803,Kacy,Couve,19,5124.18,false
804,Megen,Sterte,47,6514.48,false
805,Nita,Moult,17,8173.82,true
806,Sadye,Allsop,19,7315.84,false
807,Yance,Tosney,39,4960.87,false
808,Nowell,Doumerque,67,8098.18,true
809,Shannah,Aleksankin,35,3313.71,true
810,Wilfred,Pruckner,50,4025.38,true
811,Boris,Althorp,28,4014.4,true
812,Linnet,Borham,69,6521.96,false
813,Kris,Pethick,16,9630.69,false
814,Ranique,Ogle,25,7221.71,false
815,Zacharia,Gauler,41,6834.5,true
816,Smith,Speariett,55,9641.45,true
817,Kareem,Whellams,51,6845.54,true
818,Erhart,Burlay,16,7065.68,true
819,Adolphus,Tant,64,4332.11,true
820,Cassandra,De Blase,64,7709.07,true
821,Stephana,Risson,68,7180.8,false
822,Christabella,MacRannell,56,7842.8,true
823,Shawn,Pashe,18,3723.35,true
824,Blondy,Galvin,44,7353.81,true
825,Orin,Luetchford,61,915.44,true
826,Cordelie,Klimschak,17,6440.65,true
827,Gordie,Khilkov,69,4288.32,false
828,Mildrid,Peller,34,5173.22,true
829,Leta,Alenichev,21,9930.14,false
830,Frayda,Blumson,55,4800.08,false
831,Juliann,Reightley,36,6051.56,true
832,Willie,Minero,17,6860.04,true
833,Gerti,Pittway,49,2868.67,false
834,Sophia,Isakowicz,28,819.51,false
835,Gloriane,Llewelyn,65,2353.69,false
836,Trisha,Liepina,22,2872.37,false
837,Lockwood,Canet,46,2274.43,true
838,Myriam,Beentjes,27,4865.28,false
839,Nikolaos,Geffcock,21,2434.18,true
840,Eziechiele,Chadderton,63,8101.97,true
841,Tony,Chittock,43,5884.94,true
842,Basia,Ties,54,9611.38,true
843,Sofia,Forcade,17,1165.7,true
844,Danila,Mattusov,35,1013.88,true
845,Kelwin,Juleff,34,9759.49,true
846,Moira,Hundal,58,2398.33,false
847,Rahal,Sides,40,3215.16,false
848,Lorine,McEvilly,55,9536.99,true
849,Theresita,Colthard,60,9723.96,false
850,Natasha,Stoll,36,2672.25,false
851,Geno,Mcmanaman,56,6275.54,true
852,Ruddie,Lezemore,22,6017.34,false
853,Johann,Shieber,52,4537.33,false
854,Lina,Solesbury,69,9339.63,false
855,Adler,Burrass,30,4927.41,false
856,Jourdain,Parsall,28,6495.14,true
857,Pearce,Balleine,68,8077.19,false
858,Loraine,Klesl,67,7108.17,true
859,Gertrud,Whithorn,47,882.41,true
860,Robinett,Tesseyman,43,4090.2,true
861,Guglielma,Rupprecht,30,8393.22,false
862,Cornelle,Haselgrove,50,2150.65,true
863,Marjory,Morison,63,3009.26,false
864,Stesha,Foulger,45,7086.55,false
865,Leann,Bareham,61,3719.89,false
866,Fianna,Bezants,43,3511.81,false
867,Rusty,Woodhams,65,3284.76,true
868,Marcile,Ollett,19,9997.14,false
869,Guglielmo,Gallimore,39,3147.79,true
870,Alverta,Leglise,29,9722.59,true
871,Norby,Wolvey,37,2260.39,false
872,Lida,Snarr,38,6424.46,true
873,Guendolen,Dahlgren,34,7509.15,false
874,Moll,Stickel,58,1363.78,true
875,Colet,Chatel,65,1504.91,true
876,Barnabas,Baitson,49,5025.41,false
877,Marchall,Gradley,54,5536.62,true
878,Gisella,Eltringham,50,3329.86,false
879,Diann,Verralls,48,1274.5,false
880,Marianna,Cockerill,66,1293.86,false
881,Stanwood,Bullocke,53,3101.85,true
882,Abramo,Fortoun,25,3984.23,false
883,Nicola,Metzel,38,4853.08,false
884,Koralle,Hinkley,58,5108.68,true
885,Coletta,Leadstone,29,9679.01,false
886,Rochelle,Baltzar,53,1087.21,true
887,Rosabelle,Binnie,16,6042.48,false
888,Webster,Reavell,67,4261.88,true
889,Darnell,Blay,60,6193.64,false
890,Rivi,Colliford,66,6793.52,true
891,Ryley,Balleine,63,6105.72,false
892,Benito,Vasilechko,58,8530.47,false
893,Man,Veryan,29,6331.9,true
894,Grady,Glanville,37,2318.05,true
895,Ricardo,Sabbin,57,5192.18,false
896,Kaile,Doggart,44,5950.95,false
897,Tally,Cantillon,41,6538.23,true
898,Jessi,Zute,35,1507.06,false
899,Parnell,Wanell,45,6544.47,false
900,Ethelred,Dallander,58,3303.68,false
901,Howard,Twaite,28,8190.87,true
902,Diahann,Gerok,49,2895.74,true
903,Howie,Need,48,1148.7,true
904,Claire,Moehle,32,5282.27,false
905,Carry,Piotrkowski,17,5188.93,false
906,Daphene,Attoc,20,7127.17,false
907,Eolanda,Harkins,52,2540.88,false
908,Bobby,Hawler,42,1716.91,false
909,Horatius,Empringham,43,1768.47,false
910,Becca,Millier,49,1333.14,false
911,Kathryn,MacGaughey,18,9492.62,true
912,Roscoe,Ashard,45,9080.35,false
913,Lina,Varley,49,3581.32,true
914,Gilberto,Adelberg,68,9206.03,true
915,Ambur,Aplin,51,5480.47,false
916,Den,Gonsalvez,40,5059.62,true
917,Mair,Shillinglaw,46,6636.01,true
918,Madelaine,Blant,29,4668.5,false
919,Jessalin,Woolbrook,68,6835.17,false
920,Dewie,Chattington,62,7233.96,false
921,Niki,Aukland,56,9914.76,false
922,Tamma,Widdicombe,64,812.47,false
923,Ashleigh,Begbie,21,3290.9,false
924,Gard,Greenwood,64,7194.53,true
925,Carver,Brammer,56,7830.98,false
926,Fons,Madelin,33,6829.79,false
927,Hertha,Jakubiak,34,8076.26,true
928,Emylee,Tibols,32,8834.04,false
929,Christian,Ellson,40,8107.94,false
930,Bendick,Grumell,50,6132.9,true
931,Sigrid,Wyke,21,3270.57,false
932,Phedra,Brugh,41,9205.35,true
933,Hobard,Tumielli,32,8398.76,true
934,Chelsie,Blucher,60,5970.93,false
935,Desdemona,Whyte,44,7625.82,false
936,Alexia,Sothern,23,4019.5,true
937,Dominga,Guirardin,68,759.8,false
938,Nikki,Enriquez,23,5381.9,true
939,Emelia,Raylton,65,6270.66,false
940,Pepita,Madsen,58,9787.18,true
941,Agnes,Kloska,39,8273.52,false
942,Chelsie,Beevens,57,4708.29,true
943,Mei,Raffon,48,7021.98,false
944,Amelina,Morphey,51,5158.38,true
945,Glendon,Bullion,59,5744.41,false
946,Florence,Alloway,63,3066.35,true
947,Tybalt,Walcar,54,5101.54,false
948,Miran,Brayfield,55,8745.08,false
949,Tina,Starkey,67,7168.7,true
950,Jennilee,Dicky,18,9567.17,true
951,Eb,Rosso,29,9478.62,false
952,Cheston,De Carteret,48,3582.36,true
953,Biron,Coonan,27,1420.2,false
954,Merv,Loder,16,4307.08,false
955,Fred,Crockley,38,9359.15,false
956,Arly,Ager,62,5336.77,false
957,Angelica,Fetherstan,35,1423.15,true
958,Gene,Rapps,40,1762.94,false
959,Wait,Beckinsale,38,2255.55,true
960,Craggie,Crathorne,50,8064.66,false
961,Bernelle,Frearson,43,9238.63,true
962,Kenn,Masden,51,4793.9,true
963,Stanley,Child,18,3609.57,true
964,Deni,Roffey,68,7651.64,false
965,Joel,Baudoux,57,3107.0,true
966,Patten,Beaney,57,7624.97,true
967,Delcine,Sandon,40,6292.87,false
968,Garret,Melmar,27,4011.09,true
969,Jerri,Coyett,52,2193.54,false
970,Earlie,Clem,28,4784.69,false
971,Robbie,Cromar,40,7933.99,false
972,Carroll,Follen,53,5116.36,true
973,Gene,Demonge,40,8694.57,true
974,Feodora,Mauser,65,3062.54,false
975,Vlad,O'Loughlin,58,4783.59,true
976,Rozelle,Rowaszkiewicz,64,7417.94,false
977,Janella,Simkin,18,3022.15,true
978,Percival,Adamek,16,2479.37,true
979,Erena,Hamman,61,9619.58,true
980,Wright,Coucher,49,1434.13,true
981,Agnesse,Buche,52,5551.74,false
982,Peter,Whysall,44,8688.16,false
983,Zelma,Lodovichi,26,4665.39,true
984,Padgett,Kunert,64,6246.69,false
985,Atlante,Spadari,46,1636.01,true
986,Jasmine,Tidbury,40,7218.55,false
987,Clementine,Tschersich,17,6101.25,true
988,Lyndell,Klempke,67,2679.67,true
989,Ailene,Philliskirk,47,2441.22,false
990,Katey,Pracy,67,5241.91,true
991,Jabez,McCritichie,25,678.06,true
992,Toby,Goodredge,20,8327.62,true
993,Grange,Castle,37,2689.85,true
994,Sterling,Franzke,46,3866.52,true
995,Lyle,Kyndred,43,2723.24,true
996,Rey,Lehon,66,886.77,true
997,Robbi,Jemmison,54,6717.52,false
998,Davey,Salisbury,28,3326.45,false
999,Urbain,Furley,32,9163.57,false
1000,Stepha,Rens,42,1183.81,true
